,X111,X112,X113,X114,X115,X121,X122,X123,X124,X125,X126,X127,X128,X131,X132,X133,X134,X135,X136,X211,X212,X213,X221,X222,X223,X231,X232,X233,X241,X242,X243,Y111,Y112,Y113,Y121,Y122,Y123,Y211,Y212,Y213,Y214,Y215,Y216,Y217,Y218,Y219,Y221,Y222,Y223,Y224,AvX11,AvX12,AvX13,AvX21,AvX22,AvX23,AvX24,AvY11,AvY12,AvY21,AvY22
0,5.0,5.0,5.0,3.0,5.0,5.0,4.0,4.0,5.0,5.0,4.0,4.0,5.0,5.0,5.0,5.0,5.0,4.0,5.0,5.0,5.0,5.0,5.0,5.0,4.0,5.0,5.0,2.0,5.0,5.0,4.0,5.0,4.0,4.0,5.0,4.0,5.0,4.0,5.0,5.0,4.0,5.0,5.0,5.0,5.0,5.0,5.0,5.0,5.0,5.0,4.6,4.5,4.83,5.0,4.67,4.0,4.67,4.33,4.67,4.78,5.0
1,4.0,4.0,4.0,5.0,4.0,5.0,5.0,5.0,4.0,4.0,5.0,5.0,5.0,5.0,5.0,5.0,5.0,5.0,5.0,5.0,5.0,5.0,5.0,5.0,5.0,5.0,5.0,3.0,5.0,4.0,5.0,5.0,5.0,4.0,4.0,4.0,4.0,4.0,5.0,5.0,5.0,4.0,4.0,4.0,4.0,4.0,4.0,4.0,4.0,5.0,4.2,4.75,5.0,5.0,5.0,4.33,4.67,4.67,4.0,4.33,4.25
2,5.0,5.0,5.0,5.0,3.0,4.0,4.0,4.0,4.0,5.0,5.0,5.0,4.0,5.0,5.0,5.0,3.0,4.0,4.0,4.0,3.0,4.0,4.0,3.0,4.0,4.0,4.0,4.0,4.0,4.0,4.0,4.0,4.0,4.0,4.0,4.0,4.0,4.0,4.0,4.0,3.0,4.0,4.0,4.0,4.0,4.0,4.0,4.0,4.0,4.0,4.6,4.38,4.33,3.67,3.67,4.0,4.0,4.0,4.0,3.89,4.0
3,5.0,2.0,4.0,5.0,4.0,4.0,4.0,4.0,5.0,5.0,5.0,5.0,5.0,5.0,4.0,4.0,4.0,4.0,4.0,5.0,5.0,5.0,4.0,4.0,4.0,4.0,4.0,4.0,4.0,4.0,4.0,4.0,5.0,5.0,5.0,5.0,5.0,5.0,5.0,5.0,4.0,4.0,4.0,4.0,4.0,4.0,4.0,5.0,4.0,5.0,4.0,4.62,4.17,5.0,4.0,4.0,4.0,4.67,5.0,4.33,4.5
4,4.0,4.0,4.0,4.0,4.0,4.0,4.0,4.0,4.0,4.0,4.0,4.0,4.0,4.0,4.0,4.0,4.0,4.0,5.0,5.0,4.0,4.0,4.0,4.0,4.0,4.0,4.0,4.0,4.0,4.0,4.0,4.0,4.0,4.0,4.0,4.0,4.0,4.0,4.0,4.0,4.0,4.0,4.0,4.0,4.0,4.0,4.0,4.0,4.0,4.0,4.0,4.0,4.17,4.33,4.0,4.0,4.0,4.0,4.0,4.0,4.0
5,5.0,4.0,5.0,4.0,4.0,4.0,5.0,4.0,4.0,4.0,4.0,4.0,4.0,4.0,5.0,5.0,5.0,5.0,4.0,4.0,5.0,5.0,4.0,4.0,4.0,4.0,5.0,4.0,5.0,5.0,4.0,4.0,5.0,4.0,4.0,5.0,5.0,4.0,3.0,3.0,4.0,4.0,4.0,4.0,4.0,4.0,4.0,4.0,4.0,4.0,4.4,4.12,4.67,4.67,4.0,4.33,4.67,4.33,4.67,3.78,4.0
6,5.0,5.0,5.0,5.0,3.0,5.0,3.0,4.0,4.0,4.0,4.0,4.0,4.0,4.0,5.0,5.0,5.0,4.0,5.0,5.0,5.0,5.0,4.0,4.0,4.0,5.0,4.0,3.0,5.0,5.0,5.0,5.0,4.0,2.0,4.0,4.0,5.0,5.0,4.0,4.0,2.0,5.0,5.0,4.0,4.0,5.0,4.0,5.0,5.0,5.0,4.6,4.0,4.67,5.0,4.0,4.0,5.0,3.67,4.33,4.22,4.75
7,5.0,5.0,5.0,4.0,3.0,4.0,4.0,4.0,4.0,4.0,4.0,4.0,5.0,4.0,4.0,4.0,3.0,4.0,5.0,3.0,3.0,3.0,4.0,3.0,3.0,4.0,3.0,3.0,4.0,4.0,3.0,4.0,3.0,3.0,4.0,3.0,3.0,4.0,4.0,4.0,4.0,3.0,3.0,4.0,4.0,4.0,4.0,3.0,3.0,3.0,4.4,4.12,4.0,3.0,3.33,3.33,3.67,3.33,3.33,3.78,3.25
8,4.0,4.0,4.0,4.0,4.0,4.0,3.0,3.0,3.0,4.0,4.0,4.0,3.0,4.0,4.0,4.0,3.0,3.0,4.0,4.0,4.0,4.0,4.0,4.0,4.0,4.0,4.0,4.0,4.0,4.0,4.0,4.0,4.0,4.0,4.0,4.0,4.0,4.0,4.0,4.0,3.0,4.0,3.0,3.0,3.0,3.0,3.0,3.0,3.0,3.0,4.0,3.5,3.67,4.0,4.0,4.0,4.0,4.0,4.0,3.44,3.0
9,5.0,5.0,5.0,4.0,5.0,5.0,5.0,4.0,5.0,5.0,5.0,5.0,5.0,5.0,5.0,5.0,5.0,5.0,5.0,5.0,5.0,5.0,5.0,5.0,5.0,5.0,5.0,5.0,5.0,5.0,5.0,5.0,5.0,5.0,5.0,5.0,5.0,5.0,5.0,5.0,5.0,5.0,5.0,5.0,5.0,5.0,5.0,5.0,5.0,5.0,4.8,4.88,5.0,5.0,5.0,5.0,5.0,5.0,5.0,5.0,5.0
10,4.0,4.0,5.0,3.0,4.0,5.0,4.0,4.0,4.0,4.0,4.0,4.0,3.0,4.0,5.0,5.0,5.0,4.0,5.0,5.0,5.0,5.0,5.0,5.0,5.0,5.0,5.0,5.0,5.0,5.0,5.0,4.0,5.0,5.0,4.0,5.0,4.0,4.0,3.0,4.0,3.0,4.0,4.0,4.0,4.0,4.0,5.0,5.0,4.0,4.0,4.0,4.0,4.67,5.0,5.0,5.0,5.0,4.67,4.33,3.78,4.5
11,5.0,5.0,5.0,4.0,4.0,5.0,5.0,4.0,4.0,4.0,5.0,5.0,5.0,5.0,5.0,5.0,4.0,4.0,5.0,5.0,4.0,5.0,4.0,4.0,4.0,5.0,5.0,4.0,4.0,5.0,4.0,5.0,4.0,5.0,4.0,4.0,4.0,4.0,5.0,5.0,5.0,5.0,4.0,4.0,4.0,5.0,4.0,4.0,4.0,4.0,4.6,4.62,4.67,4.67,4.0,4.67,4.33,4.67,4.0,4.56,4.0
12,3.0,4.0,5.0,4.0,4.0,4.0,4.0,4.0,4.0,4.0,4.0,4.0,4.0,4.0,5.0,5.0,4.0,4.0,4.0,4.0,4.0,4.0,4.0,4.0,4.0,4.0,4.0,3.0,3.0,4.0,3.0,4.0,4.0,4.0,3.0,3.0,3.0,4.0,4.0,4.0,4.0,4.0,3.0,3.0,4.0,3.0,4.0,4.0,4.0,3.0,4.0,4.0,4.33,4.0,4.0,3.67,3.33,4.0,3.0,3.67,3.75
13,5.0,5.0,5.0,5.0,5.0,5.0,5.0,5.0,5.0,5.0,5.0,5.0,5.0,5.0,5.0,5.0,5.0,5.0,5.0,5.0,5.0,5.0,5.0,5.0,5.0,5.0,5.0,5.0,5.0,5.0,5.0,5.0,5.0,5.0,5.0,5.0,5.0,5.0,5.0,5.0,1.0,5.0,5.0,5.0,5.0,5.0,5.0,5.0,5.0,5.0,5.0,5.0,5.0,5.0,5.0,5.0,5.0,5.0,5.0,4.56,5.0
14,5.0,5.0,5.0,5.0,5.0,5.0,5.0,5.0,5.0,5.0,5.0,5.0,5.0,5.0,5.0,5.0,5.0,5.0,5.0,5.0,5.0,5.0,5.0,5.0,5.0,5.0,5.0,5.0,5.0,5.0,5.0,5.0,5.0,5.0,5.0,5.0,5.0,5.0,5.0,5.0,5.0,5.0,5.0,5.0,5.0,5.0,5.0,5.0,5.0,5.0,5.0,5.0,5.0,5.0,5.0,5.0,5.0,5.0,5.0,5.0,5.0
15,4.0,3.0,4.0,3.0,3.0,2.0,3.0,3.0,3.0,3.0,3.0,3.0,3.0,3.0,4.0,4.0,3.0,3.0,4.0,4.0,4.0,4.0,3.0,3.0,3.0,3.0,4.0,2.0,3.0,3.0,3.0,4.0,4.0,4.0,4.0,4.0,3.0,3.0,3.0,3.0,3.0,3.0,3.0,3.0,3.0,3.0,3.0,3.0,3.0,3.0,3.4,2.88,3.5,4.0,3.0,3.0,3.0,4.0,3.67,3.0,3.0
16,4.0,4.0,4.0,3.0,3.0,4.0,4.0,4.0,3.0,3.0,3.0,4.0,4.0,4.0,4.0,4.0,3.0,4.0,4.0,4.0,4.0,4.0,4.0,4.0,4.0,4.0,4.0,3.0,4.0,4.0,4.0,4.0,4.0,4.0,4.0,4.0,4.0,4.0,4.0,3.0,3.0,3.0,3.0,4.0,3.0,3.0,3.0,3.0,3.0,3.0,3.6,3.62,3.83,4.0,4.0,3.67,4.0,4.0,4.0,3.33,3.0
17,4.0,4.0,4.0,3.0,3.0,3.0,3.0,3.0,3.0,3.0,3.0,3.0,3.0,3.0,4.0,3.0,3.0,4.0,3.0,4.0,4.0,4.0,3.0,4.0,4.0,4.0,4.0,3.0,4.0,4.0,4.0,4.0,4.0,4.0,4.0,4.0,4.0,3.0,3.0,3.0,3.0,3.0,3.0,3.0,3.0,3.0,3.0,3.0,3.0,3.0,3.6,3.0,3.33,4.0,3.67,3.67,4.0,4.0,4.0,3.0,3.0
18,4.0,4.0,4.0,4.0,3.0,4.0,4.0,4.0,4.0,3.0,4.0,4.0,4.0,4.0,4.0,4.0,4.0,4.0,4.0,4.0,4.0,4.0,4.0,4.0,4.0,4.0,4.0,3.0,4.0,4.0,4.0,4.0,4.0,4.0,4.0,4.0,4.0,4.0,4.0,4.0,3.0,4.0,4.0,4.0,4.0,4.0,4.0,4.0,4.0,4.0,3.8,3.88,4.0,4.0,4.0,3.67,4.0,4.0,4.0,3.89,4.0
19,5.0,5.0,5.0,5.0,4.0,5.0,5.0,4.0,5.0,5.0,5.0,5.0,5.0,5.0,5.0,5.0,5.0,5.0,5.0,5.0,5.0,5.0,5.0,4.0,4.0,4.0,4.0,4.0,4.0,4.0,5.0,5.0,4.0,4.0,4.0,4.0,4.0,5.0,5.0,5.0,4.0,5.0,5.0,5.0,4.0,5.0,5.0,5.0,5.0,5.0,4.8,4.88,5.0,5.0,4.33,4.0,4.33,4.33,4.0,4.78,5.0
20,4.0,3.0,3.0,4.0,4.0,5.0,5.0,5.0,5.0,5.0,5.0,5.0,4.0,4.0,5.0,4.0,4.0,4.0,4.0,4.0,4.0,4.0,4.0,4.0,4.0,4.0,4.0,4.0,4.0,4.0,4.0,4.0,4.0,4.0,4.0,4.0,4.0,5.0,5.0,5.0,5.0,5.0,5.0,5.0,5.0,5.0,5.0,5.0,5.0,5.0,3.6,4.88,4.17,4.0,4.0,4.0,4.0,4.0,4.0,5.0,5.0
21,5.0,5.0,5.0,3.0,5.0,4.0,4.0,5.0,4.0,4.0,4.0,5.0,4.0,5.0,5.0,5.0,5.0,4.0,4.0,5.0,4.0,5.0,3.0,5.0,4.0,5.0,4.0,3.0,5.0,5.0,5.0,4.0,5.0,4.0,5.0,4.0,4.0,4.0,4.0,4.0,3.0,5.0,4.0,4.0,4.0,4.0,4.0,4.0,3.0,4.0,4.6,4.25,4.67,4.67,4.0,4.0,5.0,4.33,4.33,4.0,3.75
22,4.0,4.0,5.0,3.0,4.0,4.0,4.0,4.0,4.0,4.0,4.0,4.0,4.0,4.0,4.0,4.0,5.0,4.0,4.0,5.0,4.0,4.0,4.0,4.0,4.0,4.0,4.0,3.0,4.0,4.0,4.0,4.0,4.0,4.0,4.0,4.0,4.0,4.0,4.0,4.0,4.0,4.0,4.0,4.0,4.0,4.0,4.0,4.0,4.0,4.0,4.0,4.0,4.17,4.33,4.0,3.67,4.0,4.0,4.0,4.0,4.0
23,5.0,5.0,5.0,4.0,5.0,5.0,5.0,5.0,5.0,5.0,5.0,5.0,5.0,5.0,5.0,5.0,5.0,5.0,5.0,5.0,5.0,5.0,5.0,5.0,5.0,5.0,5.0,5.0,5.0,5.0,5.0,5.0,5.0,5.0,5.0,5.0,5.0,5.0,4.0,5.0,5.0,5.0,5.0,5.0,5.0,5.0,5.0,5.0,5.0,5.0,4.8,5.0,5.0,5.0,5.0,5.0,5.0,5.0,5.0,4.89,5.0
24,5.0,5.0,5.0,5.0,5.0,5.0,5.0,5.0,5.0,5.0,5.0,5.0,5.0,5.0,5.0,5.0,5.0,5.0,5.0,5.0,5.0,5.0,5.0,5.0,5.0,5.0,5.0,5.0,5.0,5.0,5.0,5.0,5.0,5.0,5.0,5.0,5.0,5.0,5.0,5.0,5.0,5.0,5.0,5.0,5.0,5.0,5.0,5.0,5.0,5.0,5.0,5.0,5.0,5.0,5.0,5.0,5.0,5.0,5.0,5.0,5.0
25,5.0,5.0,5.0,5.0,5.0,5.0,5.0,5.0,5.0,5.0,5.0,5.0,5.0,5.0,5.0,5.0,5.0,5.0,5.0,5.0,5.0,5.0,5.0,5.0,5.0,5.0,5.0,5.0,5.0,5.0,5.0,5.0,5.0,5.0,5.0,5.0,5.0,5.0,5.0,5.0,5.0,5.0,5.0,5.0,5.0,5.0,5.0,5.0,5.0,5.0,5.0,5.0,5.0,5.0,5.0,5.0,5.0,5.0,5.0,5.0,5.0
26,2.0,3.0,4.0,3.0,3.0,4.0,4.0,4.0,4.0,3.0,3.0,4.0,4.0,4.0,5.0,4.0,4.0,3.0,3.0,3.0,4.0,4.0,3.0,4.0,2.0,4.0,4.0,2.0,4.0,4.0,4.0,3.0,3.0,3.0,2.0,3.0,3.0,3.0,3.0,3.0,3.0,4.0,3.0,3.0,4.0,3.0,4.0,3.0,3.0,3.0,3.0,3.75,3.83,3.67,3.0,3.33,4.0,3.0,2.67,3.22,3.25
27,5.0,5.0,5.0,5.0,5.0,5.0,5.0,5.0,5.0,5.0,5.0,5.0,5.0,5.0,5.0,5.0,5.0,5.0,5.0,5.0,5.0,5.0,5.0,5.0,5.0,5.0,5.0,5.0,5.0,5.0,5.0,5.0,5.0,5.0,5.0,5.0,5.0,5.0,5.0,5.0,5.0,5.0,5.0,5.0,5.0,5.0,5.0,5.0,5.0,5.0,5.0,5.0,5.0,5.0,5.0,5.0,5.0,5.0,5.0,5.0,5.0
28,5.0,5.0,4.0,4.0,5.0,5.0,5.0,5.0,5.0,5.0,5.0,5.0,5.0,5.0,5.0,4.0,4.0,4.0,5.0,4.0,4.0,4.0,5.0,5.0,5.0,5.0,5.0,4.0,5.0,5.0,5.0,4.0,4.0,5.0,4.0,4.0,4.0,5.0,5.0,5.0,4.0,4.0,5.0,5.0,5.0,5.0,5.0,5.0,5.0,5.0,4.6,5.0,4.5,4.0,5.0,4.67,5.0,4.33,4.0,4.78,5.0
29,5.0,5.0,5.0,5.0,5.0,4.0,4.0,4.0,4.0,4.0,5.0,5.0,5.0,5.0,5.0,5.0,4.0,4.0,5.0,4.0,4.0,4.0,4.0,5.0,4.0,4.0,4.0,4.0,4.0,4.0,4.0,4.0,4.0,4.0,4.0,4.0,4.0,4.0,4.0,4.0,4.0,4.0,4.0,4.0,4.0,4.0,4.0,4.0,4.0,4.0,5.0,4.38,4.67,4.0,4.33,4.0,4.0,4.0,4.0,4.0,4.0
30,5.0,5.0,5.0,4.0,5.0,4.0,4.0,4.0,4.0,5.0,5.0,5.0,5.0,5.0,5.0,5.0,5.0,5.0,5.0,5.0,4.0,5.0,5.0,5.0,5.0,5.0,5.0,5.0,5.0,5.0,5.0,4.0,5.0,4.0,4.0,5.0,5.0,5.0,5.0,5.0,4.0,5.0,5.0,5.0,5.0,5.0,5.0,5.0,5.0,5.0,4.8,4.5,5.0,4.67,5.0,5.0,5.0,4.33,4.67,4.89,5.0
31,4.0,4.0,4.0,3.0,3.0,3.0,3.0,4.0,4.0,4.0,4.0,4.0,4.0,5.0,5.0,3.0,3.0,4.0,3.0,3.0,4.0,4.0,3.0,3.0,3.0,4.0,4.0,2.0,5.0,5.0,5.0,3.0,3.0,3.0,3.0,3.0,3.0,3.0,3.0,4.0,2.0,5.0,5.0,3.0,4.0,3.0,5.0,5.0,4.0,4.0,3.6,3.75,3.83,3.67,3.0,3.33,5.0,3.0,3.0,3.56,4.5
32,4.0,3.0,5.0,4.0,3.0,4.0,4.0,4.0,4.0,4.0,4.0,4.0,4.0,4.0,4.0,4.0,4.0,4.0,4.0,4.0,4.0,4.0,4.0,5.0,4.0,4.0,4.0,3.0,5.0,4.0,4.0,4.0,4.0,4.0,4.0,4.0,4.0,4.0,4.0,4.0,3.0,4.0,4.0,5.0,4.0,4.0,4.0,4.0,4.0,4.0,3.8,4.0,4.0,4.0,4.33,3.67,4.33,4.0,4.0,4.0,4.0
33,5.0,5.0,5.0,5.0,5.0,5.0,5.0,5.0,5.0,5.0,5.0,5.0,5.0,5.0,5.0,5.0,5.0,5.0,5.0,5.0,5.0,5.0,5.0,5.0,5.0,5.0,5.0,5.0,5.0,5.0,5.0,5.0,5.0,5.0,5.0,5.0,5.0,5.0,5.0,5.0,5.0,5.0,5.0,5.0,5.0,5.0,5.0,5.0,5.0,5.0,5.0,5.0,5.0,5.0,5.0,5.0,5.0,5.0,5.0,5.0,5.0
34,4.0,4.0,4.0,4.0,4.0,4.0,4.0,4.0,4.0,4.0,4.0,4.0,4.0,4.0,4.0,4.0,4.0,4.0,4.0,4.0,4.0,4.0,4.0,4.0,4.0,4.0,4.0,5.0,4.0,5.0,4.0,4.0,4.0,2.0,4.0,4.0,4.0,4.0,4.0,4.0,2.0,4.0,4.0,3.0,3.0,3.0,4.0,4.0,2.0,3.0,4.0,4.0,4.0,4.0,4.0,4.33,4.33,3.33,4.0,3.44,3.25
35,5.0,5.0,5.0,5.0,5.0,5.0,5.0,5.0,5.0,5.0,5.0,5.0,5.0,5.0,5.0,5.0,5.0,5.0,5.0,5.0,5.0,4.0,5.0,5.0,4.0,5.0,5.0,4.0,5.0,4.0,5.0,5.0,5.0,5.0,5.0,5.0,5.0,4.0,4.0,5.0,5.0,5.0,5.0,5.0,5.0,5.0,5.0,5.0,5.0,5.0,5.0,5.0,5.0,4.67,4.67,4.67,4.67,5.0,5.0,4.78,5.0
36,5.0,5.0,5.0,5.0,5.0,4.0,4.0,5.0,5.0,5.0,5.0,5.0,5.0,5.0,5.0,5.0,5.0,5.0,5.0,5.0,5.0,5.0,5.0,5.0,5.0,5.0,5.0,5.0,5.0,5.0,5.0,5.0,5.0,5.0,5.0,5.0,5.0,5.0,5.0,5.0,5.0,5.0,5.0,5.0,5.0,5.0,5.0,5.0,5.0,5.0,5.0,4.75,5.0,5.0,5.0,5.0,5.0,5.0,5.0,5.0,5.0
37,4.0,4.0,4.0,3.0,3.0,5.0,4.0,4.0,4.0,5.0,4.0,4.0,4.0,4.0,5.0,5.0,5.0,4.0,4.0,5.0,5.0,5.0,4.0,5.0,5.0,5.0,5.0,5.0,5.0,4.0,5.0,5.0,5.0,5.0,5.0,5.0,5.0,5.0,5.0,5.0,4.0,5.0,5.0,4.0,5.0,4.0,4.0,5.0,4.0,4.0,3.6,4.25,4.5,5.0,4.67,5.0,4.67,5.0,5.0,4.67,4.25
38,5.0,4.0,4.0,4.0,4.0,4.0,4.0,4.0,4.0,4.0,4.0,4.0,4.0,4.0,4.0,4.0,4.0,4.0,4.0,4.0,4.0,4.0,4.0,4.0,4.0,4.0,4.0,2.0,4.0,4.0,4.0,4.0,4.0,4.0,4.0,4.0,4.0,4.0,4.0,4.0,4.0,4.0,4.0,4.0,4.0,4.0,4.0,4.0,5.0,4.0,4.2,4.0,4.0,4.0,4.0,3.33,4.0,4.0,4.0,4.0,4.25
39,5.0,5.0,5.0,5.0,5.0,5.0,5.0,5.0,5.0,5.0,5.0,5.0,5.0,5.0,5.0,5.0,5.0,5.0,5.0,5.0,5.0,5.0,5.0,5.0,5.0,5.0,5.0,5.0,5.0,5.0,5.0,5.0,5.0,5.0,5.0,5.0,5.0,5.0,5.0,5.0,5.0,5.0,5.0,5.0,5.0,5.0,5.0,5.0,5.0,5.0,5.0,5.0,5.0,5.0,5.0,5.0,5.0,5.0,5.0,5.0,5.0
40,4.0,3.0,4.0,3.0,3.0,4.0,4.0,4.0,3.0,3.0,4.0,4.0,3.0,4.0,4.0,3.0,3.0,3.0,3.0,2.0,3.0,3.0,2.0,3.0,2.0,3.0,2.0,3.0,4.0,3.0,3.0,2.0,3.0,3.0,3.0,3.0,3.0,3.0,4.0,3.0,2.0,3.0,3.0,3.0,3.0,3.0,3.0,3.0,3.0,3.0,3.4,3.62,3.33,2.67,2.33,2.67,3.33,2.67,3.0,3.0,3.0
41,5.0,5.0,5.0,5.0,5.0,5.0,5.0,5.0,5.0,4.0,4.0,5.0,5.0,5.0,5.0,5.0,5.0,5.0,5.0,5.0,5.0,5.0,5.0,5.0,5.0,5.0,5.0,5.0,5.0,5.0,5.0,5.0,5.0,5.0,5.0,5.0,5.0,5.0,5.0,5.0,5.0,5.0,5.0,5.0,5.0,5.0,5.0,5.0,5.0,5.0,5.0,4.75,5.0,5.0,5.0,5.0,5.0,5.0,5.0,5.0,5.0
42,5.0,5.0,5.0,5.0,5.0,5.0,5.0,5.0,5.0,5.0,5.0,5.0,5.0,5.0,5.0,5.0,5.0,5.0,5.0,4.0,4.0,4.0,5.0,5.0,5.0,5.0,5.0,5.0,5.0,5.0,5.0,5.0,5.0,5.0,5.0,5.0,5.0,5.0,5.0,5.0,5.0,5.0,5.0,5.0,5.0,5.0,5.0,5.0,4.0,4.0,5.0,5.0,5.0,4.0,5.0,5.0,5.0,5.0,5.0,5.0,4.5
43,4.0,4.0,4.0,4.0,4.0,4.0,4.0,4.0,4.0,4.0,4.0,4.0,4.0,4.0,4.0,4.0,4.0,4.0,4.0,4.0,4.0,4.0,4.0,4.0,4.0,4.0,4.0,4.0,4.0,4.0,4.0,4.0,4.0,4.0,4.0,4.0,4.0,4.0,4.0,4.0,4.0,4.0,4.0,4.0,4.0,4.0,4.0,4.0,4.0,4.0,4.0,4.0,4.0,4.0,4.0,4.0,4.0,4.0,4.0,4.0,4.0
44,4.0,4.0,4.0,4.0,4.0,5.0,4.0,4.0,4.0,4.0,4.0,4.0,4.0,4.0,4.0,4.0,4.0,4.0,4.0,4.0,4.0,4.0,4.0,4.0,4.0,4.0,4.0,4.0,4.0,4.0,4.0,4.0,4.0,4.0,4.0,4.0,4.0,4.0,3.0,3.0,2.0,4.0,4.0,4.0,4.0,4.0,4.0,4.0,4.0,4.0,4.0,4.12,4.0,4.0,4.0,4.0,4.0,4.0,4.0,3.56,4.0
45,4.0,4.0,4.0,4.0,3.0,3.0,3.0,3.0,3.0,3.0,3.0,5.0,4.0,4.0,5.0,4.0,4.0,4.0,5.0,5.0,5.0,5.0,4.0,5.0,5.0,4.0,5.0,4.0,4.0,4.0,4.0,5.0,5.0,4.0,4.0,4.0,5.0,5.0,4.0,4.0,4.0,4.0,5.0,4.0,5.0,4.0,5.0,4.0,4.0,4.0,3.8,3.38,4.33,5.0,4.67,4.33,4.0,4.67,4.33,4.33,4.25
46,5.0,5.0,5.0,5.0,5.0,4.0,4.0,4.0,4.0,4.0,4.0,4.0,4.0,5.0,5.0,5.0,5.0,5.0,5.0,5.0,5.0,5.0,5.0,5.0,5.0,5.0,5.0,5.0,5.0,5.0,5.0,5.0,5.0,5.0,5.0,5.0,5.0,5.0,5.0,5.0,4.0,5.0,5.0,5.0,5.0,5.0,5.0,5.0,5.0,5.0,5.0,4.0,5.0,5.0,5.0,5.0,5.0,5.0,5.0,4.89,5.0
47,4.0,4.0,4.0,3.0,3.0,4.0,4.0,3.0,4.0,4.0,4.0,4.0,4.0,4.0,4.0,4.0,4.0,4.0,4.0,4.0,4.0,4.0,4.0,3.0,4.0,4.0,4.0,4.0,4.0,4.0,4.0,4.0,4.0,4.0,4.0,4.0,4.0,4.0,4.0,4.0,4.0,4.0,4.0,4.0,4.0,4.0,4.0,4.0,4.0,4.0,3.6,3.88,4.0,4.0,3.67,4.0,4.0,4.0,4.0,4.0,4.0
48,5.0,4.0,5.0,4.0,5.0,5.0,5.0,5.0,4.0,5.0,5.0,5.0,4.0,5.0,5.0,5.0,4.0,5.0,5.0,5.0,5.0,4.0,4.0,5.0,5.0,5.0,5.0,5.0,5.0,4.0,4.0,5.0,5.0,5.0,4.0,5.0,4.0,5.0,5.0,5.0,5.0,4.0,5.0,5.0,4.0,4.0,5.0,5.0,5.0,4.0,4.6,4.75,4.83,4.67,4.67,5.0,4.33,5.0,4.33,4.67,4.75
49,5.0,5.0,5.0,5.0,5.0,5.0,5.0,5.0,5.0,5.0,5.0,5.0,5.0,5.0,5.0,5.0,5.0,5.0,5.0,5.0,5.0,5.0,5.0,5.0,5.0,5.0,5.0,5.0,5.0,5.0,5.0,5.0,5.0,5.0,5.0,5.0,5.0,5.0,5.0,5.0,5.0,5.0,5.0,5.0,5.0,5.0,5.0,5.0,5.0,5.0,5.0,5.0,5.0,5.0,5.0,5.0,5.0,5.0,5.0,5.0,5.0
50,5.0,5.0,5.0,5.0,5.0,5.0,5.0,5.0,5.0,5.0,5.0,5.0,5.0,5.0,5.0,5.0,5.0,5.0,5.0,5.0,5.0,5.0,5.0,5.0,5.0,5.0,5.0,5.0,5.0,5.0,5.0,5.0,5.0,5.0,5.0,5.0,5.0,5.0,5.0,5.0,5.0,5.0,5.0,5.0,5.0,5.0,5.0,5.0,5.0,5.0,5.0,5.0,5.0,5.0,5.0,5.0,5.0,5.0,5.0,5.0,5.0
51,5.0,4.0,4.0,2.0,4.0,4.0,4.0,4.0,4.0,4.0,4.0,4.0,4.0,4.0,4.0,4.0,4.0,3.0,3.0,4.0,3.0,3.0,4.0,3.0,3.0,4.0,4.0,4.0,4.0,4.0,4.0,3.0,3.0,2.0,4.0,4.0,4.0,3.0,3.0,4.0,4.0,4.0,2.0,3.0,3.0,4.0,4.0,4.0,4.0,4.0,3.8,4.0,3.67,3.33,3.33,4.0,4.0,2.67,4.0,3.33,4.0
52,5.0,5.0,5.0,5.0,5.0,5.0,5.0,5.0,5.0,5.0,5.0,5.0,5.0,5.0,4.0,4.0,5.0,4.0,5.0,5.0,5.0,5.0,4.0,5.0,5.0,5.0,5.0,5.0,5.0,4.0,5.0,4.0,5.0,5.0,5.0,5.0,5.0,5.0,5.0,5.0,5.0,5.0,5.0,5.0,5.0,5.0,5.0,5.0,5.0,5.0,5.0,5.0,4.5,5.0,4.67,5.0,4.67,4.67,5.0,5.0,5.0
53,4.0,5.0,4.0,4.0,5.0,4.0,5.0,4.0,4.0,5.0,4.0,4.0,4.0,4.0,4.0,4.0,4.0,4.0,5.0,4.0,4.0,4.0,4.0,4.0,5.0,4.0,5.0,3.0,4.0,4.0,5.0,4.0,5.0,4.0,4.0,5.0,4.0,5.0,4.0,4.0,2.0,4.0,4.0,4.0,4.0,3.0,4.0,4.0,2.0,4.0,4.4,4.25,4.17,4.0,4.33,4.0,4.33,4.33,4.33,3.78,3.5
54,5.0,5.0,5.0,5.0,5.0,5.0,5.0,5.0,5.0,5.0,5.0,5.0,5.0,5.0,5.0,5.0,5.0,5.0,5.0,5.0,5.0,5.0,5.0,5.0,5.0,5.0,5.0,5.0,5.0,5.0,5.0,5.0,5.0,5.0,5.0,5.0,5.0,5.0,5.0,5.0,5.0,5.0,5.0,5.0,5.0,5.0,5.0,5.0,5.0,5.0,5.0,5.0,5.0,5.0,5.0,5.0,5.0,5.0,5.0,5.0,5.0
55,4.0,4.0,5.0,4.0,4.0,4.0,4.0,3.0,3.0,3.0,3.0,4.0,4.0,4.0,4.0,4.0,4.0,4.0,4.0,4.0,4.0,4.0,4.0,4.0,4.0,4.0,4.0,4.0,4.0,4.0,4.0,4.0,4.0,2.0,4.0,4.0,4.0,4.0,4.0,4.0,3.0,4.0,4.0,4.0,3.0,4.0,4.0,4.0,2.0,4.0,4.2,3.5,4.0,4.0,4.0,4.0,4.0,3.33,4.0,3.78,3.5
56,5.0,4.0,5.0,4.0,5.0,5.0,4.0,4.0,5.0,5.0,5.0,4.0,4.0,5.0,4.0,5.0,5.0,4.0,5.0,5.0,5.0,4.0,4.0,5.0,4.0,5.0,4.0,4.0,5.0,5.0,5.0,4.0,4.0,4.0,4.0,5.0,4.0,4.0,4.0,5.0,5.0,4.0,4.0,5.0,4.0,5.0,5.0,5.0,4.0,5.0,4.6,4.5,4.67,4.67,4.33,4.33,5.0,4.0,4.33,4.44,4.75
57,5.0,5.0,5.0,5.0,5.0,4.0,4.0,4.0,5.0,5.0,5.0,5.0,5.0,5.0,4.0,4.0,5.0,4.0,5.0,5.0,4.0,4.0,4.0,5.0,4.0,5.0,5.0,4.0,5.0,5.0,4.0,5.0,4.0,4.0,4.0,4.0,5.0,5.0,5.0,5.0,4.0,5.0,4.0,4.0,5.0,5.0,5.0,5.0,4.0,4.0,5.0,4.62,4.5,4.33,4.33,4.67,4.67,4.33,4.33,4.67,4.5
58,4.0,4.0,4.0,4.0,4.0,4.0,4.0,4.0,4.0,4.0,4.0,4.0,4.0,4.0,4.0,4.0,4.0,4.0,4.0,4.0,4.0,4.0,4.0,4.0,5.0,5.0,4.0,4.0,4.0,4.0,4.0,5.0,4.0,5.0,4.0,4.0,4.0,4.0,4.0,4.0,4.0,4.0,4.0,4.0,4.0,4.0,4.0,4.0,4.0,4.0,4.0,4.0,4.0,4.0,4.33,4.33,4.0,4.67,4.0,4.0,4.0
59,4.0,5.0,3.0,4.0,4.0,4.0,4.0,3.0,4.0,4.0,2.0,4.0,4.0,4.0,4.0,3.0,4.0,4.0,4.0,5.0,4.0,4.0,4.0,4.0,4.0,4.0,4.0,4.0,5.0,5.0,5.0,4.0,4.0,2.0,4.0,4.0,4.0,4.0,4.0,4.0,4.0,4.0,2.0,2.0,2.0,4.0,4.0,4.0,2.0,4.0,4.0,3.62,3.83,4.33,4.0,4.0,5.0,3.33,4.0,3.33,3.5
60,5.0,4.0,5.0,4.0,5.0,5.0,5.0,4.0,4.0,4.0,4.0,4.0,4.0,4.0,5.0,5.0,4.0,4.0,5.0,5.0,4.0,5.0,5.0,4.0,4.0,5.0,5.0,4.0,5.0,5.0,5.0,4.0,5.0,4.0,5.0,4.0,4.0,4.0,5.0,4.0,3.0,5.0,4.0,4.0,4.0,4.0,4.0,5.0,4.0,5.0,4.6,4.25,4.5,4.67,4.33,4.67,5.0,4.33,4.33,4.11,4.5
61,4.0,4.0,4.0,4.0,4.0,5.0,3.0,4.0,4.0,5.0,5.0,4.0,5.0,5.0,4.0,4.0,5.0,4.0,4.0,5.0,4.0,3.0,4.0,4.0,4.0,3.0,5.0,5.0,4.0,4.0,4.0,3.0,4.0,3.0,3.0,4.0,4.0,4.0,4.0,5.0,4.0,4.0,4.0,5.0,5.0,5.0,4.0,5.0,4.0,4.0,4.0,4.38,4.33,4.0,4.0,4.33,4.0,3.33,3.67,4.44,4.25
62,5.0,5.0,5.0,4.0,4.0,4.0,5.0,4.0,5.0,4.0,5.0,5.0,4.0,4.0,5.0,5.0,5.0,4.0,5.0,5.0,5.0,4.0,5.0,5.0,5.0,5.0,4.0,4.0,5.0,5.0,4.0,5.0,4.0,5.0,5.0,4.0,5.0,4.0,4.0,5.0,3.0,4.0,5.0,5.0,5.0,5.0,5.0,5.0,4.0,5.0,4.6,4.5,4.67,4.67,5.0,4.33,4.67,4.67,4.67,4.44,4.75
63,4.0,3.0,4.0,3.0,3.0,4.0,4.0,4.0,4.0,4.0,4.0,4.0,4.0,4.0,4.0,4.0,3.0,4.0,4.0,4.0,4.0,4.0,3.0,3.0,5.0,4.0,4.0,3.0,4.0,4.0,4.0,4.0,4.0,4.0,4.0,4.0,4.0,4.0,4.0,4.0,3.0,4.0,4.0,4.0,4.0,4.0,4.0,4.0,4.0,4.0,3.4,4.0,3.83,4.0,3.67,3.67,4.0,4.0,4.0,3.89,4.0
64,4.0,4.0,4.0,4.0,4.0,4.0,4.0,4.0,4.0,4.0,4.0,4.0,4.0,4.0,4.0,4.0,4.0,4.0,4.0,4.0,4.0,4.0,4.0,4.0,5.0,4.0,4.0,4.0,4.0,4.0,4.0,4.0,4.0,4.0,4.0,4.0,4.0,4.0,4.0,4.0,4.0,4.0,4.0,4.0,4.0,4.0,5.0,4.0,4.0,4.0,4.0,4.0,4.0,4.0,4.33,4.0,4.0,4.0,4.0,4.0,4.25
65,4.0,4.0,4.0,4.0,4.0,5.0,5.0,5.0,5.0,5.0,5.0,5.0,5.0,5.0,5.0,5.0,5.0,5.0,5.0,5.0,5.0,5.0,5.0,5.0,5.0,5.0,5.0,1.0,5.0,5.0,5.0,5.0,2.0,1.0,4.0,5.0,5.0,5.0,5.0,5.0,5.0,5.0,5.0,5.0,5.0,5.0,5.0,5.0,5.0,5.0,4.0,5.0,5.0,5.0,5.0,3.67,5.0,2.67,4.67,5.0,5.0
66,4.0,4.0,5.0,4.0,3.0,4.0,4.0,4.0,3.0,4.0,4.0,4.0,3.0,4.0,4.0,4.0,4.0,3.0,3.0,3.0,4.0,4.0,4.0,3.0,5.0,4.0,4.0,2.0,5.0,4.0,4.0,4.0,4.0,4.0,3.0,4.0,3.0,4.0,4.0,4.0,3.0,4.0,3.0,4.0,4.0,3.0,3.0,4.0,3.0,4.0,4.0,3.75,3.67,3.67,4.0,3.33,4.33,4.0,3.33,3.67,3.5
67,5.0,5.0,4.0,5.0,4.0,3.0,5.0,4.0,5.0,4.0,5.0,5.0,4.0,5.0,5.0,4.0,5.0,4.0,5.0,5.0,5.0,5.0,4.0,5.0,5.0,5.0,5.0,4.0,5.0,5.0,4.0,5.0,3.0,4.0,4.0,5.0,4.0,4.0,5.0,4.0,3.0,5.0,5.0,4.0,5.0,4.0,5.0,4.0,4.0,5.0,4.6,4.38,4.67,5.0,4.67,4.67,4.67,4.0,4.33,4.33,4.5
68,4.0,4.0,4.0,3.0,4.0,4.0,4.0,4.0,3.0,4.0,4.0,4.0,3.0,4.0,4.0,4.0,3.0,3.0,4.0,4.0,4.0,4.0,4.0,3.0,5.0,4.0,4.0,3.0,4.0,3.0,3.0,4.0,4.0,4.0,4.0,4.0,3.0,3.0,4.0,3.0,4.0,4.0,3.0,3.0,3.0,3.0,4.0,4.0,4.0,3.0,3.8,3.75,3.67,4.0,4.0,3.67,3.33,4.0,3.67,3.33,3.75
69,4.0,4.0,4.0,4.0,4.0,3.0,4.0,4.0,3.0,3.0,4.0,4.0,4.0,4.0,4.0,4.0,2.0,4.0,4.0,4.0,4.0,4.0,4.0,3.0,5.0,4.0,4.0,2.0,4.0,4.0,4.0,4.0,2.0,3.0,2.0,4.0,4.0,4.0,3.0,4.0,3.0,3.0,4.0,4.0,4.0,4.0,2.0,3.0,4.0,4.0,4.0,3.62,3.67,4.0,4.0,3.33,4.0,3.0,3.33,3.67,3.25
70,5.0,4.0,4.0,3.0,4.0,3.0,3.0,4.0,4.0,3.0,3.0,4.0,5.0,4.0,5.0,5.0,4.0,4.0,4.0,5.0,4.0,5.0,4.0,4.0,5.0,4.0,4.0,4.0,4.0,4.0,4.0,4.0,4.0,4.0,4.0,4.0,4.0,4.0,4.0,4.0,4.0,4.0,4.0,4.0,4.0,4.0,4.0,4.0,4.0,4.0,4.0,3.62,4.33,4.67,4.33,4.0,4.0,4.0,4.0,4.0,4.0
71,4.0,3.0,5.0,3.0,3.0,4.0,4.0,3.0,3.0,3.0,3.0,4.0,4.0,4.0,4.0,4.0,4.0,4.0,3.0,3.0,3.0,4.0,3.0,4.0,5.0,4.0,4.0,4.0,5.0,4.0,5.0,4.0,4.0,4.0,4.0,4.0,3.0,4.0,4.0,3.0,3.0,4.0,3.0,3.0,3.0,4.0,3.0,3.0,4.0,3.0,3.6,3.5,3.83,3.33,4.0,4.0,4.67,4.0,3.67,3.44,3.25
72,2.0,2.0,3.0,3.0,2.0,4.0,4.0,3.0,4.0,4.0,4.0,4.0,4.0,4.0,4.0,2.0,2.0,2.0,2.0,2.0,2.0,3.0,3.0,3.0,5.0,3.0,3.0,3.0,3.0,3.0,3.0,2.0,3.0,3.0,3.0,4.0,3.0,4.0,4.0,4.0,4.0,4.0,4.0,4.0,4.0,4.0,4.0,4.0,4.0,4.0,2.4,3.88,2.67,2.33,3.67,3.0,3.0,2.67,3.33,4.0,4.0
73,5.0,4.0,5.0,3.0,2.0,5.0,5.0,3.0,4.0,4.0,4.0,4.0,4.0,5.0,5.0,4.0,4.0,4.0,5.0,4.0,4.0,4.0,3.0,3.0,5.0,2.0,2.0,3.0,2.0,3.0,3.0,5.0,5.0,5.0,5.0,5.0,5.0,5.0,5.0,5.0,5.0,5.0,4.0,4.0,4.0,4.0,4.0,4.0,4.0,5.0,3.8,4.12,4.5,4.0,3.67,2.33,2.67,5.0,5.0,4.56,4.25
74,4.0,4.0,4.0,4.0,4.0,4.0,4.0,4.0,4.0,4.0,4.0,4.0,4.0,4.0,4.0,4.0,4.0,4.0,4.0,4.0,4.0,4.0,4.0,4.0,5.0,4.0,4.0,2.0,4.0,4.0,4.0,4.0,4.0,4.0,4.0,4.0,4.0,4.0,4.0,4.0,4.0,2.0,4.0,4.0,4.0,4.0,4.0,3.0,4.0,4.0,4.0,4.0,4.0,4.0,4.33,3.33,4.0,4.0,4.0,3.78,3.75
75,5.0,4.0,4.0,4.0,5.0,5.0,4.0,4.0,4.0,4.0,4.0,5.0,5.0,5.0,5.0,5.0,4.0,4.0,4.0,5.0,5.0,5.0,5.0,5.0,5.0,5.0,5.0,4.0,4.0,4.0,5.0,4.0,4.0,4.0,5.0,5.0,4.0,4.0,4.0,4.0,4.0,5.0,5.0,5.0,4.0,4.0,4.0,5.0,5.0,4.0,4.4,4.38,4.5,5.0,5.0,4.67,4.33,4.0,4.67,4.33,4.5
76,4.0,3.0,5.0,4.0,2.0,4.0,4.0,4.0,4.0,3.0,4.0,4.0,4.0,4.0,4.0,4.0,4.0,4.0,4.0,5.0,5.0,5.0,4.0,4.0,5.0,4.0,5.0,3.0,5.0,4.0,4.0,4.0,4.0,4.0,4.0,4.0,4.0,4.0,5.0,4.0,3.0,4.0,4.0,4.0,4.0,4.0,4.0,4.0,4.0,3.0,3.6,3.88,4.0,5.0,4.33,4.0,4.33,4.0,4.0,4.0,3.75
77,5.0,5.0,5.0,5.0,5.0,5.0,5.0,5.0,5.0,5.0,5.0,5.0,5.0,5.0,5.0,5.0,5.0,5.0,5.0,5.0,5.0,4.0,5.0,5.0,5.0,5.0,5.0,5.0,5.0,5.0,5.0,5.0,5.0,5.0,5.0,5.0,5.0,5.0,5.0,5.0,5.0,5.0,5.0,5.0,5.0,5.0,5.0,5.0,5.0,5.0,5.0,5.0,5.0,4.67,5.0,5.0,5.0,5.0,5.0,5.0,5.0
78,4.0,5.0,4.0,5.0,4.0,4.0,4.0,4.0,4.0,4.0,4.0,4.0,4.0,4.0,4.0,4.0,4.0,4.0,4.0,4.0,4.0,4.0,4.0,4.0,5.0,4.0,4.0,3.0,4.0,3.0,4.0,4.0,3.0,4.0,4.0,4.0,4.0,3.0,4.0,3.0,3.0,4.0,3.0,4.0,3.0,3.0,3.0,4.0,3.0,3.0,4.4,4.0,4.0,4.0,4.33,3.67,3.67,3.67,4.0,3.33,3.25
79,4.0,4.0,5.0,4.0,4.0,4.0,3.0,4.0,4.0,3.0,3.0,4.0,4.0,5.0,5.0,5.0,5.0,4.0,5.0,5.0,5.0,4.0,5.0,5.0,5.0,5.0,5.0,3.0,5.0,5.0,5.0,4.0,4.0,4.0,4.0,4.0,4.0,4.0,3.0,4.0,3.0,4.0,4.0,4.0,4.0,4.0,5.0,4.0,5.0,4.0,4.2,3.62,4.83,4.67,5.0,4.33,5.0,4.0,4.0,3.78,4.5
80,5.0,5.0,5.0,5.0,5.0,5.0,5.0,5.0,5.0,5.0,5.0,5.0,5.0,5.0,5.0,5.0,5.0,5.0,5.0,5.0,5.0,5.0,5.0,5.0,5.0,5.0,5.0,5.0,5.0,5.0,5.0,5.0,5.0,5.0,5.0,5.0,5.0,5.0,5.0,5.0,5.0,5.0,5.0,5.0,5.0,5.0,5.0,5.0,5.0,5.0,5.0,5.0,5.0,5.0,5.0,5.0,5.0,5.0,5.0,5.0,5.0
81,5.0,1.0,5.0,5.0,5.0,5.0,5.0,5.0,5.0,5.0,5.0,5.0,5.0,5.0,5.0,5.0,5.0,5.0,5.0,5.0,5.0,5.0,5.0,5.0,5.0,5.0,5.0,1.0,5.0,5.0,5.0,5.0,5.0,1.0,5.0,5.0,5.0,5.0,5.0,5.0,1.0,5.0,5.0,5.0,5.0,5.0,5.0,5.0,1.0,5.0,4.2,5.0,5.0,5.0,5.0,3.67,5.0,3.67,5.0,4.56,4.0
82,4.0,2.0,4.0,4.0,3.0,4.0,4.0,4.0,4.0,4.0,4.0,4.0,4.0,4.0,4.0,4.0,4.0,4.0,4.0,4.0,4.0,4.0,4.0,4.0,5.0,4.0,4.0,4.0,4.0,4.0,4.0,4.0,4.0,4.0,4.0,4.0,4.0,4.0,4.0,4.0,4.0,4.0,4.0,4.0,4.0,4.0,4.0,4.0,4.0,4.0,3.4,4.0,4.0,4.0,4.33,4.0,4.0,4.0,4.0,4.0,4.0
83,5.0,5.0,4.0,4.0,4.0,4.0,5.0,5.0,5.0,5.0,5.0,5.0,5.0,4.0,4.0,4.0,4.0,5.0,4.0,5.0,5.0,4.0,4.0,4.0,5.0,4.0,5.0,4.0,4.0,4.0,4.0,4.0,4.0,4.0,4.0,4.0,4.0,5.0,5.0,4.0,4.0,5.0,4.0,5.0,5.0,5.0,4.0,5.0,4.0,4.0,4.4,4.88,4.17,4.67,4.33,4.33,4.0,4.0,4.0,4.67,4.25
84,5.0,4.0,5.0,4.0,4.0,4.0,4.0,4.0,3.0,4.0,4.0,4.0,4.0,4.0,5.0,5.0,4.0,4.0,4.0,4.0,4.0,4.0,4.0,4.0,5.0,4.0,4.0,3.0,4.0,4.0,4.0,4.0,4.0,4.0,4.0,4.0,4.0,4.0,4.0,4.0,3.0,4.0,4.0,4.0,4.0,4.0,3.0,3.0,4.0,4.0,4.4,3.88,4.33,4.0,4.33,3.67,4.0,4.0,4.0,3.89,3.5
85,4.0,4.0,5.0,4.0,4.0,4.0,4.0,4.0,4.0,4.0,4.0,4.0,4.0,4.0,4.0,4.0,4.0,4.0,4.0,4.0,4.0,4.0,4.0,4.0,5.0,4.0,4.0,4.0,4.0,4.0,4.0,4.0,4.0,4.0,4.0,4.0,4.0,4.0,4.0,4.0,4.0,4.0,4.0,2.0,4.0,4.0,4.0,4.0,4.0,4.0,4.2,4.0,4.0,4.0,4.33,4.0,4.0,4.0,4.0,3.78,4.0
86,4.0,4.0,4.0,5.0,5.0,4.0,4.0,5.0,5.0,5.0,5.0,5.0,4.0,4.0,4.0,4.0,4.0,4.0,5.0,4.0,4.0,4.0,5.0,5.0,5.0,5.0,5.0,4.0,5.0,4.0,5.0,5.0,4.0,5.0,5.0,5.0,5.0,4.0,4.0,4.0,4.0,5.0,5.0,5.0,4.0,4.0,5.0,5.0,5.0,4.0,4.4,4.62,4.17,4.0,5.0,4.67,4.67,4.67,5.0,4.33,4.75
87,5.0,5.0,5.0,5.0,5.0,5.0,5.0,5.0,5.0,5.0,5.0,5.0,5.0,5.0,5.0,5.0,5.0,5.0,5.0,5.0,5.0,5.0,5.0,5.0,5.0,5.0,5.0,5.0,5.0,5.0,5.0,5.0,5.0,5.0,5.0,5.0,5.0,5.0,5.0,5.0,5.0,5.0,5.0,5.0,5.0,5.0,5.0,5.0,5.0,5.0,5.0,5.0,5.0,5.0,5.0,5.0,5.0,5.0,5.0,5.0,5.0
88,5.0,5.0,5.0,5.0,5.0,4.0,4.0,5.0,4.0,5.0,4.0,4.0,4.0,4.0,4.0,5.0,5.0,4.0,4.0,5.0,4.0,4.0,4.0,4.0,5.0,5.0,5.0,4.0,4.0,4.0,5.0,4.0,5.0,5.0,4.0,4.0,4.0,4.0,4.0,4.0,4.0,4.0,4.0,5.0,5.0,5.0,4.0,5.0,4.0,5.0,5.0,4.25,4.33,4.33,4.33,4.67,4.33,4.67,4.0,4.33,4.5
89,5.0,3.0,4.0,4.0,4.0,4.0,2.0,2.0,3.0,4.0,4.0,5.0,4.0,4.0,4.0,5.0,4.0,4.0,4.0,5.0,4.0,4.0,3.0,4.0,5.0,4.0,4.0,5.0,5.0,4.0,4.0,4.0,4.0,5.0,4.0,4.0,4.0,4.0,4.0,4.0,3.0,4.0,4.0,4.0,4.0,4.0,4.0,4.0,4.0,4.0,4.0,3.5,4.17,4.33,4.0,4.33,4.33,4.33,4.0,3.89,4.0
90,4.0,4.0,4.0,4.0,4.0,4.0,4.0,4.0,4.0,4.0,4.0,4.0,4.0,4.0,4.0,4.0,4.0,4.0,4.0,4.0,4.0,4.0,4.0,4.0,5.0,4.0,4.0,4.0,4.0,4.0,4.0,4.0,4.0,4.0,4.0,4.0,4.0,4.0,4.0,4.0,4.0,4.0,4.0,4.0,4.0,4.0,4.0,4.0,4.0,4.0,4.0,4.0,4.0,4.0,4.33,4.0,4.0,4.0,4.0,4.0,4.0
91,4.0,4.0,4.0,5.0,4.0,5.0,4.0,5.0,5.0,5.0,5.0,5.0,5.0,4.0,4.0,5.0,4.0,4.0,4.0,4.0,4.0,4.0,4.0,5.0,5.0,4.0,5.0,5.0,5.0,4.0,5.0,4.0,5.0,5.0,4.0,4.0,5.0,5.0,5.0,5.0,5.0,5.0,5.0,5.0,4.0,4.0,5.0,5.0,5.0,5.0,4.2,4.88,4.17,4.0,4.67,4.67,4.67,4.67,4.33,4.78,5.0
92,4.0,4.0,5.0,5.0,4.0,5.0,4.0,5.0,5.0,5.0,5.0,4.0,4.0,4.0,5.0,5.0,5.0,5.0,5.0,4.0,4.0,4.0,4.0,4.0,5.0,5.0,5.0,5.0,4.0,4.0,5.0,4.0,5.0,4.0,4.0,4.0,4.0,4.0,4.0,5.0,5.0,5.0,4.0,4.0,5.0,4.0,4.0,5.0,5.0,5.0,4.4,4.62,4.83,4.0,4.33,5.0,4.33,4.33,4.0,4.44,4.75
93,5.0,5.0,5.0,4.0,4.0,5.0,5.0,4.0,5.0,4.0,4.0,4.0,4.0,5.0,5.0,5.0,5.0,5.0,4.0,5.0,4.0,5.0,5.0,5.0,5.0,5.0,5.0,5.0,4.0,4.0,5.0,4.0,5.0,4.0,4.0,5.0,4.0,5.0,4.0,4.0,4.0,5.0,5.0,5.0,5.0,5.0,4.0,4.0,4.0,4.0,4.6,4.38,4.83,4.67,5.0,5.0,4.33,4.33,4.33,4.67,4.0
94,4.0,4.0,4.0,4.0,4.0,4.0,4.0,4.0,4.0,4.0,4.0,4.0,4.0,4.0,4.0,4.0,4.0,4.0,4.0,4.0,4.0,4.0,4.0,4.0,5.0,4.0,4.0,4.0,4.0,4.0,4.0,4.0,4.0,4.0,4.0,4.0,4.0,4.0,4.0,4.0,4.0,4.0,4.0,4.0,4.0,4.0,4.0,4.0,4.0,4.0,4.0,4.0,4.0,4.0,4.33,4.0,4.0,4.0,4.0,4.0,4.0
95,4.0,4.0,4.0,3.0,4.0,4.0,4.0,4.0,4.0,4.0,5.0,5.0,4.0,4.0,4.0,5.0,5.0,4.0,4.0,5.0,4.0,4.0,4.0,5.0,5.0,4.0,4.0,4.0,5.0,4.0,4.0,4.0,4.0,4.0,4.0,5.0,5.0,4.0,4.0,4.0,4.0,4.0,4.0,4.0,4.0,4.0,4.0,4.0,4.0,4.0,3.8,4.25,4.33,4.33,4.67,4.0,4.33,4.0,4.67,4.0,4.0
96,4.0,4.0,4.0,4.0,4.0,4.0,3.0,4.0,4.0,4.0,4.0,4.0,4.0,4.0,4.0,4.0,4.0,4.0,4.0,4.0,4.0,4.0,4.0,4.0,5.0,4.0,4.0,4.0,5.0,5.0,5.0,5.0,5.0,5.0,4.0,4.0,4.0,4.0,4.0,3.0,4.0,4.0,4.0,3.0,4.0,4.0,4.0,3.0,3.0,3.0,4.0,3.88,4.0,4.0,4.33,4.0,5.0,5.0,4.0,3.78,3.25
97,4.0,5.0,4.0,5.0,5.0,5.0,5.0,5.0,4.0,4.0,4.0,5.0,5.0,4.0,4.0,4.0,4.0,4.0,5.0,5.0,5.0,5.0,5.0,5.0,5.0,4.0,4.0,5.0,4.0,5.0,5.0,4.0,5.0,4.0,4.0,4.0,4.0,4.0,4.0,5.0,5.0,4.0,4.0,4.0,4.0,4.0,4.0,4.0,5.0,4.0,4.6,4.62,4.17,5.0,5.0,4.33,4.67,4.33,4.0,4.22,4.25
98,4.0,4.0,4.0,4.0,3.0,5.0,5.0,5.0,5.0,3.0,3.0,4.0,4.0,4.0,4.0,3.0,3.0,4.0,4.0,3.0,3.0,4.0,4.0,4.0,5.0,4.0,4.0,3.0,4.0,4.0,4.0,4.0,4.0,4.0,4.0,4.0,4.0,2.0,2.0,2.0,2.0,4.0,4.0,4.0,4.0,3.0,3.0,3.0,3.0,3.0,3.8,4.25,3.67,3.33,4.33,3.67,4.0,4.0,4.0,3.0,3.0
99,4.0,4.0,3.0,4.0,4.0,3.0,3.0,3.0,3.0,3.0,3.0,4.0,4.0,4.0,4.0,4.0,4.0,4.0,4.0,4.0,4.0,4.0,4.0,4.0,5.0,4.0,5.0,3.0,4.0,4.0,4.0,4.0,4.0,4.0,4.0,4.0,3.0,3.0,3.0,3.0,3.0,3.0,3.0,3.0,3.0,3.0,3.0,3.0,3.0,3.0,3.8,3.25,4.0,4.0,4.33,4.0,4.0,4.0,3.67,3.0,3.0
100,3.0,5.0,3.0,2.0,4.0,5.0,3.0,5.0,4.0,4.0,5.0,5.0,5.0,5.0,5.0,5.0,5.0,5.0,4.0,5.0,5.0,5.0,4.0,4.0,5.0,5.0,5.0,3.0,5.0,4.0,5.0,5.0,4.0,4.0,5.0,5.0,4.0,5.0,5.0,4.0,3.0,5.0,4.0,5.0,5.0,5.0,4.0,4.0,4.0,5.0,3.4,4.5,4.83,5.0,4.33,4.33,4.67,4.33,4.67,4.56,4.25
101,5.0,5.0,5.0,5.0,5.0,5.0,5.0,5.0,5.0,5.0,5.0,5.0,5.0,5.0,5.0,5.0,5.0,5.0,5.0,5.0,5.0,5.0,5.0,5.0,5.0,5.0,5.0,5.0,5.0,5.0,5.0,5.0,5.0,5.0,5.0,5.0,5.0,5.0,5.0,5.0,5.0,5.0,5.0,5.0,5.0,5.0,5.0,5.0,5.0,5.0,5.0,5.0,5.0,5.0,5.0,5.0,5.0,5.0,5.0,5.0,5.0
102,5.0,3.0,5.0,5.0,4.0,5.0,4.0,5.0,4.0,5.0,5.0,5.0,5.0,5.0,5.0,5.0,5.0,5.0,5.0,5.0,5.0,5.0,5.0,4.0,5.0,5.0,5.0,2.0,5.0,5.0,5.0,5.0,3.0,5.0,5.0,4.0,3.0,4.0,4.0,3.0,4.0,4.0,5.0,5.0,5.0,5.0,5.0,5.0,5.0,5.0,4.4,4.75,5.0,5.0,4.67,4.0,5.0,4.33,4.0,4.33,5.0
103,5.0,2.0,4.0,5.0,4.0,4.0,4.0,4.0,5.0,5.0,5.0,5.0,5.0,5.0,4.0,4.0,4.0,4.0,4.0,5.0,5.0,5.0,4.0,4.0,4.0,4.0,4.0,4.0,4.0,4.0,4.0,4.0,5.0,5.0,5.0,5.0,5.0,5.0,5.0,5.0,4.0,4.0,4.0,4.0,4.0,4.0,4.0,5.0,4.0,5.0,4.0,4.62,4.17,5.0,4.0,4.0,4.0,4.67,5.0,4.33,4.5
104,4.0,4.0,4.0,4.0,4.0,4.0,4.0,4.0,4.0,4.0,4.0,4.0,4.0,4.0,4.0,4.0,4.0,4.0,5.0,5.0,4.0,4.0,4.0,4.0,4.0,4.0,4.0,4.0,4.0,4.0,4.0,4.0,4.0,4.0,4.0,4.0,4.0,4.0,4.0,4.0,4.0,4.0,4.0,4.0,4.0,4.0,4.0,4.0,4.0,4.0,4.0,4.0,4.17,4.33,4.0,4.0,4.0,4.0,4.0,4.0,4.0
105,5.0,4.0,5.0,4.0,4.0,4.0,5.0,4.0,4.0,4.0,4.0,4.0,4.0,4.0,5.0,5.0,5.0,5.0,4.0,4.0,5.0,5.0,4.0,4.0,4.0,4.0,5.0,4.0,5.0,5.0,4.0,4.0,5.0,4.0,4.0,5.0,5.0,4.0,3.0,3.0,4.0,4.0,4.0,4.0,4.0,4.0,4.0,4.0,4.0,4.0,4.4,4.12,4.67,4.67,4.0,4.33,4.67,4.33,4.67,3.78,4.0
106,5.0,5.0,5.0,5.0,3.0,5.0,3.0,4.0,4.0,4.0,4.0,4.0,4.0,4.0,5.0,5.0,5.0,4.0,5.0,5.0,5.0,5.0,4.0,4.0,4.0,5.0,4.0,3.0,5.0,5.0,5.0,5.0,4.0,2.0,4.0,4.0,5.0,5.0,4.0,4.0,2.0,5.0,5.0,4.0,4.0,5.0,4.0,5.0,5.0,5.0,4.6,4.0,4.67,5.0,4.0,4.0,5.0,3.67,4.33,4.22,4.75
107,5.0,5.0,5.0,4.0,3.0,4.0,4.0,4.0,4.0,4.0,4.0,4.0,5.0,4.0,4.0,4.0,3.0,4.0,5.0,3.0,3.0,3.0,4.0,3.0,3.0,4.0,3.0,3.0,4.0,4.0,3.0,4.0,3.0,3.0,4.0,3.0,3.0,4.0,4.0,4.0,4.0,3.0,3.0,4.0,4.0,4.0,4.0,3.0,3.0,3.0,4.4,4.12,4.0,3.0,3.33,3.33,3.67,3.33,3.33,3.78,3.25
108,4.0,4.0,4.0,4.0,4.0,4.0,3.0,3.0,3.0,4.0,4.0,4.0,3.0,4.0,4.0,4.0,3.0,3.0,4.0,4.0,4.0,4.0,4.0,4.0,4.0,4.0,4.0,4.0,4.0,4.0,4.0,4.0,4.0,4.0,4.0,4.0,4.0,4.0,4.0,4.0,3.0,4.0,3.0,3.0,3.0,3.0,3.0,3.0,3.0,3.0,4.0,3.5,3.67,4.0,4.0,4.0,4.0,4.0,4.0,3.44,3.0
109,5.0,5.0,5.0,4.0,5.0,5.0,5.0,4.0,5.0,5.0,5.0,5.0,5.0,5.0,5.0,5.0,5.0,5.0,5.0,5.0,5.0,5.0,5.0,5.0,5.0,5.0,5.0,5.0,5.0,5.0,5.0,5.0,5.0,5.0,5.0,5.0,5.0,5.0,5.0,5.0,5.0,5.0,5.0,5.0,5.0,5.0,5.0,5.0,5.0,5.0,4.8,4.88,5.0,5.0,5.0,5.0,5.0,5.0,5.0,5.0,5.0
110,4.0,4.0,5.0,3.0,4.0,5.0,4.0,4.0,4.0,4.0,4.0,4.0,3.0,4.0,5.0,5.0,5.0,4.0,5.0,5.0,5.0,5.0,5.0,5.0,5.0,5.0,5.0,5.0,5.0,5.0,5.0,4.0,5.0,5.0,4.0,5.0,4.0,4.0,3.0,4.0,3.0,4.0,4.0,4.0,4.0,4.0,5.0,5.0,4.0,4.0,4.0,4.0,4.67,5.0,5.0,5.0,5.0,4.67,4.33,3.78,4.5
111,5.0,5.0,5.0,4.0,4.0,5.0,5.0,4.0,4.0,4.0,5.0,5.0,5.0,5.0,5.0,5.0,4.0,4.0,5.0,5.0,4.0,5.0,4.0,4.0,4.0,5.0,5.0,4.0,4.0,5.0,4.0,5.0,4.0,5.0,4.0,4.0,4.0,4.0,5.0,5.0,5.0,5.0,4.0,4.0,4.0,5.0,4.0,4.0,4.0,4.0,4.6,4.62,4.67,4.67,4.0,4.67,4.33,4.67,4.0,4.56,4.0
112,3.0,4.0,5.0,4.0,4.0,4.0,4.0,4.0,4.0,4.0,4.0,4.0,4.0,4.0,5.0,5.0,4.0,4.0,4.0,4.0,4.0,4.0,4.0,4.0,4.0,4.0,4.0,3.0,3.0,4.0,3.0,4.0,4.0,4.0,3.0,3.0,3.0,4.0,4.0,4.0,4.0,4.0,3.0,3.0,4.0,3.0,4.0,4.0,4.0,3.0,4.0,4.0,4.33,4.0,4.0,3.67,3.33,4.0,3.0,3.67,3.75
113,5.0,5.0,5.0,5.0,5.0,5.0,5.0,5.0,5.0,5.0,5.0,5.0,5.0,5.0,5.0,5.0,5.0,5.0,5.0,5.0,5.0,5.0,5.0,5.0,5.0,5.0,5.0,5.0,5.0,5.0,5.0,5.0,5.0,5.0,5.0,5.0,5.0,5.0,5.0,5.0,1.0,5.0,5.0,5.0,5.0,5.0,5.0,5.0,5.0,5.0,5.0,5.0,5.0,5.0,5.0,5.0,5.0,5.0,5.0,4.56,5.0
114,5.0,5.0,5.0,5.0,5.0,5.0,5.0,5.0,5.0,5.0,5.0,5.0,5.0,5.0,5.0,5.0,5.0,5.0,5.0,5.0,5.0,5.0,5.0,5.0,5.0,5.0,5.0,5.0,5.0,5.0,5.0,5.0,5.0,5.0,5.0,5.0,5.0,5.0,5.0,5.0,5.0,5.0,5.0,5.0,5.0,5.0,5.0,5.0,5.0,5.0,5.0,5.0,5.0,5.0,5.0,5.0,5.0,5.0,5.0,5.0,5.0
115,4.0,3.0,4.0,3.0,3.0,2.0,3.0,3.0,3.0,3.0,3.0,3.0,3.0,3.0,4.0,4.0,3.0,3.0,4.0,4.0,4.0,4.0,3.0,3.0,3.0,3.0,4.0,2.0,3.0,3.0,3.0,4.0,4.0,4.0,4.0,4.0,3.0,3.0,3.0,3.0,3.0,3.0,3.0,3.0,3.0,3.0,3.0,3.0,3.0,3.0,3.4,2.88,3.5,4.0,3.0,3.0,3.0,4.0,3.67,3.0,3.0
116,4.0,4.0,4.0,3.0,3.0,4.0,4.0,4.0,3.0,3.0,3.0,4.0,4.0,4.0,4.0,4.0,3.0,4.0,4.0,4.0,4.0,4.0,4.0,4.0,4.0,4.0,4.0,3.0,4.0,4.0,4.0,4.0,4.0,4.0,4.0,4.0,4.0,4.0,4.0,3.0,3.0,3.0,3.0,4.0,3.0,3.0,3.0,3.0,3.0,3.0,3.6,3.62,3.83,4.0,4.0,3.67,4.0,4.0,4.0,3.33,3.0
117,4.0,4.0,4.0,3.0,3.0,3.0,3.0,3.0,3.0,3.0,3.0,3.0,3.0,3.0,4.0,3.0,3.0,4.0,3.0,4.0,4.0,4.0,3.0,4.0,4.0,4.0,4.0,3.0,4.0,4.0,4.0,4.0,4.0,4.0,4.0,4.0,4.0,3.0,3.0,3.0,3.0,3.0,3.0,3.0,3.0,3.0,3.0,3.0,3.0,3.0,3.6,3.0,3.33,4.0,3.67,3.67,4.0,4.0,4.0,3.0,3.0
118,4.0,4.0,4.0,4.0,3.0,4.0,4.0,4.0,4.0,3.0,4.0,4.0,4.0,4.0,4.0,4.0,4.0,4.0,4.0,4.0,4.0,4.0,4.0,4.0,4.0,4.0,4.0,3.0,4.0,4.0,4.0,4.0,4.0,4.0,4.0,4.0,4.0,4.0,4.0,4.0,3.0,4.0,4.0,4.0,4.0,4.0,4.0,4.0,4.0,4.0,3.8,3.88,4.0,4.0,4.0,3.67,4.0,4.0,4.0,3.89,4.0
119,5.0,5.0,5.0,5.0,4.0,5.0,5.0,4.0,5.0,5.0,5.0,5.0,5.0,5.0,5.0,5.0,5.0,5.0,5.0,5.0,5.0,5.0,5.0,4.0,4.0,4.0,4.0,4.0,4.0,4.0,5.0,5.0,4.0,4.0,4.0,4.0,4.0,5.0,5.0,5.0,4.0,5.0,5.0,5.0,4.0,5.0,5.0,5.0,5.0,5.0,4.8,4.88,5.0,5.0,4.33,4.0,4.33,4.33,4.0,4.78,5.0
120,4.0,4.0,5.0,3.0,4.0,4.0,4.0,4.0,4.0,4.0,4.0,4.0,4.0,4.0,4.0,4.0,5.0,4.0,4.0,5.0,4.0,4.0,4.0,4.0,4.0,4.0,4.0,3.0,4.0,4.0,4.0,4.0,4.0,4.0,4.0,4.0,4.0,4.0,4.0,4.0,4.0,4.0,4.0,4.0,4.0,4.0,4.0,4.0,4.0,4.0,4.0,4.0,4.17,4.33,4.0,3.67,4.0,4.0,4.0,4.0,4.0
121,5.0,5.0,5.0,4.0,5.0,5.0,5.0,5.0,5.0,5.0,5.0,5.0,5.0,5.0,5.0,5.0,5.0,5.0,5.0,5.0,5.0,5.0,5.0,5.0,5.0,5.0,5.0,5.0,5.0,5.0,5.0,5.0,5.0,5.0,5.0,5.0,5.0,5.0,4.0,5.0,5.0,5.0,5.0,5.0,5.0,5.0,5.0,5.0,5.0,5.0,4.8,5.0,5.0,5.0,5.0,5.0,5.0,5.0,5.0,4.89,5.0
122,4.0,3.0,5.0,4.0,2.0,4.0,4.0,4.0,4.0,3.0,4.0,4.0,4.0,4.0,4.0,4.0,4.0,4.0,4.0,5.0,5.0,5.0,4.0,4.0,5.0,4.0,5.0,3.0,5.0,4.0,4.0,4.0,4.0,4.0,4.0,4.0,4.0,4.0,5.0,4.0,3.0,4.0,4.0,4.0,4.0,4.0,4.0,4.0,4.0,3.0,3.6,3.88,4.0,5.0,4.33,4.0,4.33,4.0,4.0,4.0,3.75
123,5.0,5.0,5.0,5.0,5.0,5.0,5.0,5.0,5.0,5.0,5.0,5.0,5.0,5.0,5.0,5.0,5.0,5.0,5.0,5.0,5.0,4.0,5.0,5.0,5.0,5.0,5.0,5.0,5.0,5.0,5.0,5.0,5.0,5.0,5.0,5.0,5.0,5.0,5.0,5.0,5.0,5.0,5.0,5.0,5.0,5.0,5.0,5.0,5.0,5.0,5.0,5.0,5.0,4.67,5.0,5.0,5.0,5.0,5.0,5.0,5.0
124,4.0,4.0,5.0,4.0,4.0,4.0,3.0,4.0,4.0,3.0,3.0,4.0,4.0,5.0,5.0,5.0,5.0,4.0,5.0,5.0,5.0,4.0,5.0,5.0,5.0,5.0,5.0,3.0,5.0,5.0,5.0,4.0,4.0,4.0,4.0,4.0,4.0,4.0,3.0,4.0,3.0,4.0,4.0,4.0,4.0,4.0,5.0,4.0,5.0,4.0,4.2,3.62,4.83,4.67,5.0,4.33,5.0,4.0,4.0,3.78,4.5
125,5.0,5.0,5.0,5.0,5.0,5.0,5.0,5.0,5.0,5.0,5.0,5.0,5.0,5.0,5.0,5.0,5.0,5.0,5.0,5.0,5.0,5.0,5.0,5.0,5.0,5.0,5.0,5.0,5.0,5.0,5.0,5.0,5.0,5.0,5.0,5.0,5.0,5.0,5.0,5.0,5.0,5.0,5.0,5.0,5.0,5.0,5.0,5.0,5.0,5.0,5.0,5.0,5.0,5.0,5.0,5.0,5.0,5.0,5.0,5.0,5.0
126,5.0,1.0,5.0,5.0,5.0,5.0,5.0,5.0,5.0,5.0,5.0,5.0,5.0,5.0,5.0,5.0,5.0,5.0,5.0,5.0,5.0,5.0,5.0,5.0,5.0,5.0,5.0,1.0,5.0,5.0,5.0,5.0,5.0,1.0,5.0,5.0,5.0,5.0,5.0,5.0,1.0,5.0,5.0,5.0,5.0,5.0,5.0,5.0,1.0,5.0,4.2,5.0,5.0,5.0,5.0,3.67,5.0,3.67,5.0,4.56,4.0
127,4.0,2.0,4.0,4.0,3.0,4.0,4.0,4.0,4.0,4.0,4.0,4.0,4.0,4.0,4.0,4.0,4.0,4.0,4.0,4.0,4.0,4.0,4.0,4.0,5.0,4.0,4.0,4.0,4.0,4.0,4.0,4.0,4.0,4.0,4.0,4.0,4.0,4.0,4.0,4.0,4.0,4.0,4.0,4.0,4.0,4.0,4.0,4.0,4.0,4.0,3.4,4.0,4.0,4.0,4.33,4.0,4.0,4.0,4.0,4.0,4.0
128,5.0,5.0,4.0,4.0,4.0,4.0,5.0,5.0,5.0,5.0,5.0,5.0,5.0,4.0,4.0,4.0,4.0,5.0,4.0,5.0,5.0,4.0,4.0,4.0,5.0,4.0,5.0,4.0,4.0,4.0,4.0,4.0,4.0,4.0,4.0,4.0,4.0,5.0,5.0,4.0,4.0,5.0,4.0,5.0,5.0,5.0,4.0,5.0,4.0,4.0,4.4,4.88,4.17,4.67,4.33,4.33,4.0,4.0,4.0,4.67,4.25
129,5.0,4.0,5.0,4.0,4.0,4.0,4.0,4.0,3.0,4.0,4.0,4.0,4.0,4.0,5.0,5.0,4.0,4.0,4.0,4.0,4.0,4.0,4.0,4.0,5.0,4.0,4.0,3.0,4.0,4.0,4.0,4.0,4.0,4.0,4.0,4.0,4.0,4.0,4.0,4.0,3.0,4.0,4.0,4.0,4.0,4.0,3.0,3.0,4.0,4.0,4.4,3.88,4.33,4.0,4.33,3.67,4.0,4.0,4.0,3.89,3.5
130,4.0,4.0,5.0,4.0,4.0,4.0,4.0,4.0,4.0,4.0,4.0,4.0,4.0,4.0,4.0,4.0,4.0,4.0,4.0,4.0,4.0,4.0,4.0,4.0,5.0,4.0,4.0,4.0,4.0,4.0,4.0,4.0,4.0,4.0,4.0,4.0,4.0,4.0,4.0,4.0,4.0,4.0,4.0,2.0,4.0,4.0,4.0,4.0,4.0,4.0,4.2,4.0,4.0,4.0,4.33,4.0,4.0,4.0,4.0,3.78,4.0
